word1,word2,entropy
tarie,solan,9.988213
sarin,toles,9.982281
lores,sanit,9.970169
toras,laine,9.968167
tarie,solen,9.962903
sorel,tains,9.943202
tores,laine,9.941672
lores,saint,9.940406
tales,norie,9.937601
taros,silen,9.936760
tires,salon,9.936760
roles,sanit,9.934190
salet,norie,9.930939
toras,silen,9.926696
lores,satin,9.919441
tarie,loans,9.918001
nares,toile,9.916580
sorel,sanit,9.762163
lores,tains,9.753716
tares,loins,9.753716
naris,toles,9.749252
ranis,toles,9.742917
tares,lions,9.737861
sorel,saint,9.730286
lanes,tiros,9.727863
taros,lines,9.727863
tares,linos,9.727863
tores,nails,9.726445
tares,noils,9.726445
nares,toils,9.726445
liras,tones,9.726412
toras,lines,9.726412
lairs,tones,9.722548
rails,tones,9.721100
airns,toles,9.720790
rains,toles,9.717692
roles,tains,9.717692
tarie,salon,9.703977
tores,linea,9.692369
taros,laine,9.673302
lares,teian,9.422944
lares,tenia,9.410811
tarie,senal,9.408833
tales,serin,9.406346
teras,laine,9.396974
tarie,solea,9.396418
lares,senit,9.391908
tares,sinal,9.389065
nares,telia,9.380762
rales,teian,9.376464
sinae,taros,9.376436
tares,solan,9.368660
rales,tenia,9.362580
lanes,terai,9.360291
lares,tenai,9.360291
solea,tarns,9.355143
teras,silen,9.349038
serta,laine,9.348511
rales,senit,9.347504
saner,telia,9.346894
seral,tains,9.343860
saite,lores,9.341201
tales,reina,9.340731
sinae,tores,9.340324
tarie,leans,9.337176
solea,airts,9.335708
salet,airns,9.335477
tales,serio,9.334587
sinae,taler,9.334052
lares,sotie,9.334042
teras,alien,9.332683
taels,siren,9.332681
siren,talis,9.331926
sarin,tiles,9.331926
tares,slain,9.328451
salet,reina,9.327859
tires,senal,9.327116
seral,tines,9.327116
teras,linea,9.325733
saite,neral,9.324993
tarie,sinal,9.324861
tares,sline,9.324768
tores,sanit,9.323549
teals,siren,9.323334
tarie,solar,9.322572
teals,sarin,9.322462
tarie,silen,9.322056
arles,sanit,9.321332
tarie,aeons,9.320852
tarie,sonar,9.320658
tares,liane,9.319185
salet,reins,9.319062
saite,renal,9.317797
arles,tenia,9.317185
tarie,lotas,9.316299
tarie,lines,9.314121
rales,tenai,9.313113
tales,sonar,9.312323
saner,tolas,9.312323
cares,teian,9.310575
taels,serin,9.310239
saite,roles,9.308305
solea,naris,9.307455
arles,teian,9.305991
teras,liane,9.305043
seral,tinea,9.304585
lares,sitao,9.304523
tales,ceria,9.304427
tares,celia,9.304427
cares,telia,9.304427
seora,talis,9.303549
tares,sloan,9.303030
tales,seron,9.302265
teras,aline,9.302172
solea,ranis,9.300433
serai,toles,9.299687
sarin,tones,9.299088
seora,tails,9.298930
serai,tones,9.298841
sorel,talis,9.298101
tarie,roles,9.297927
rales,sotie,9.297723
teras,solen,9.297452
aotes,sarin,9.296805
cares,tenia,9.296561
lanes,retia,9.296545
lares,senti,9.296312
salet,loris,9.295933
nares,sotie,9.295532
saite,leora,9.294178
earls,tinea,9.292672
serta,nails,9.291960
tores,saint,9.290830
saite,loris,9.290697
dares,teian,9.290134
salet,ceria,9.289958
teras,anile,9.289847
tarse,lenis,9.289705
arles,senit,9.288895
tarie,aloes,9.288615
tares,aline,9.288055
tarie,sulea,9.287933
serta,lines,9.287396
teras,sline,9.286515
solea,trias,9.286453
siren,tails,9.286149
tarse,silen,9.285603
solea,airns,9.285097
salet,tiros,9.284144
tarse,sinal,9.283623
tares,delia,9.283571
dares,telia,9.283571
tares,snail,9.283545
lares,snite,9.283543
serai,laten,9.283399
tores,senal,9.283083
seral,tones,9.283083
nares,slait,9.282551
tails,serin,9.281695
sorel,tails,9.281624
aries,tenla,9.281051
taise,soral,9.280692
solea,tains,9.280475
lares,toile,9.280461
seora,tains,9.279673
rates,sinal,9.279606
tares,elian,9.279481
solea,terns,9.279356
aotes,serin,9.278931
tears,laine,9.278243
solea,rains,9.277213
solea,rants,9.277003
tares,anile,9.276881
serta,alien,9.276435
tarns,sotie,9.276094
tarie,soler,9.276079
lanes,sitar,9.275529
saner,litas,9.275529
teras,salon,9.275351
sinae,caret,9.275173
dares,tenia,9.275123
rales,toran,9.274022
tores,satin,9.273987
airts,senal,9.273957
reals,tinea,9.273512
salet,orias,9.273001
raise,tolas,9.272666
reals,sanit,9.272391
nares,slite,9.272339
arles,tarin,9.272121
earls,teian,9.271652
riles,sanit,9.271395
arles,tenai,9.271170
cares,senit,9.270724
sinae,ratel,9.270410
tarie,melas,9.270320
teras,malie,9.270320
saite,learn,9.270197
sinae,ratos,9.269720
serta,liane,9.268911
lanes,stria,9.268866
taros,senal,9.268395
tears,silen,9.268363
naris,setal,9.267231
tries,senal,9.266935
tares,suina,9.266777
taise,lores,9.266305
lares,toise,9.266305
sarin,lites,9.266288
tears,linea,9.265930
lears,tinea,9.265930
lears,sanit,9.264636
sinae,later,9.264459
arles,satin,9.263727
rates,solan,9.263226
aures,teian,9.263215
ranis,setal,9.263129
arles,saint,9.262685
solea,terai,9.262644
sinae,lores,9.262433
tires,slane,9.261908
saite,aeron,9.261704
tarse,lines,9.261598
earls,tenia,9.261533
tales,aeron,9.261472
tales,erian,9.261036
lares,train,9.260740
mares,teian,9.260399
rales,sitao,9.260271
taise,solar,9.260119
earns,telia,9.259910
toras,aisle,9.259877
nares,sitao,9.259853
teras,manie,9.259767
tarse,solan,9.259519
nares,sloat,9.259244
treas,laine,9.259225
ceras,sanit,9.259058
tires,laine,9.259032
tores,siena,9.257663
aures,telia,9.257215
taise,sonar,9.257097
earls,sotie,9.257083
lanes,artie,9.256343
sinae,carts,9.256049
solea,artie,9.255900
tares,melia,9.255375
mares,telia,9.255375
tares,reoil,9.254971
aries,toran,9.254894
solea,arite,9.254708
salet,roils,9.253858
tares,slone,9.253533
dares,senit,9.253516
lanes,arite,9.253304
taise,sorel,9.253137
earls,senit,9.251992
teras,maile,9.251825
tarie,senor,9.251748
lares,trine,9.251386
rales,toile,9.251119
salet,trois,9.250807
lanes,serio,9.250418
rales,senti,9.250377
tares,noire,9.249438
aures,tenia,9.249239
solea,tiros,9.249093
earns,sotie,9.248461
reals,saint,9.248264
nates,soral,9.248184
taros,siena,9.248164
sarin,rotes,9.247012
mares,tenia,9.246734
seora,tiles,9.246551
tarns,aisle,9.246344
tires,solar,9.245668
taels,reina,9.245496
aloes,terai,9.244796
tears,alien,9.244747
rales,snite,9.244671
arles,sotie,9.244380
solea,tarsi,9.244273
salet,aeron,9.244172
teras,slain,9.244050
tires,salue,9.244030
saite,roans,9.242891
setal,airns,9.242802
salet,roans,9.242789
tries,saron,9.242121
rains,setal,9.241846
tails,soler,9.241573
ranis,slate,9.241542
tares,suine,9.241334
saner,lotas,9.241193
naris,slate,9.241026
taros,solen,9.240734
salet,auris,9.240345
sinae,darts,9.240314
saner,trois,9.238727
senal,artie,9.238624
tales,senor,9.238484
saner,telos,9.238484
senal,arite,9.238470
saner,tiros,9.238452
seora,tines,9.238247
nares,alite,9.238157
toras,ariel,9.238011
aries,toral,9.238011
lares,seton,9.237422
tarie,roans,9.237413
liras,saute,9.237313
tarns,soler,9.237185
lears,saint,9.236950
tarse,linea,9.236698
tires,sonar,9.236083
tales,resin,9.235824
nates,serio,9.235783
liras,sotie,9.235065
taise,seron,9.233984
tarse,solen,9.233755
aries,sloat,9.233678
rates,slain,9.233670
sarin,roles,9.233214
aries,leant,9.232820
saite,lures,9.232714
lares,suite,9.232714
raise,toles,9.232229
taise,roles,9.232229
rales,toise,9.232229
aures,sanit,9.231821
toras,salue,9.231621
rails,sotie,9.231279
taros,senit,9.230975
tarie,tolas,9.230957
tares,elain,9.230813
lares,neist,9.230768
ceras,saint,9.230063
dales,terai,9.229956
snare,talis,9.229545
tares,minae,9.229470
rates,sline,9.229428
tores,aisle,9.229045
sinae,tared,9.228594
taels,sonar,9.228152
teras,alone,9.228103
mares,senit,9.227803
slare,tinea,9.227638
aries,solan,9.227557
aotes,reina,9.226852
sinae,rotes,9.225785
tears,solen,9.225766
serin,cates,9.225657
reals,satin,9.225616
tarie,notes,9.225606
lairs,sotie,9.225420
sinae,toles,9.224774
lanes,tisar,9.224267
toras,sadie,9.224163
seora,laine,9.223829
slare,tines,9.223379
tares,noise,9.223143
nares,toise,9.223143
salet,trios,9.222830
saner,loris,9.222782
salue,terai,9.222739
ranis,sorel,9.222736
treas,silen,9.222539
slate,airns,9.222431
airts,slane,9.222431
arles,sitao,9.222404
aloes,sarin,9.221971
toras,saice,9.221294
sinae,artel,9.221279
rotes,sanit,9.220342
talis,soter,9.220193
raise,lotas,9.220121
taels,serio,9.219640
serin,taces,9.219569
aures,senit,9.219509
seral,tiens,9.219138
reals,sotie,9.218944
serta,dalis,9.218885
solea,tiers,9.218383
serta,canis,9.218260
lares,stine,9.218076
aloes,terna,9.217827
tarie,orles,9.217709
tares,alone,9.217676
lanes,resit,9.217392
salet,riots,9.217388
sinae,roles,9.217296
raise,tones,9.217293
rains,sotie,9.217090
teras,noire,9.216944
rates,liane,9.216495
lanes,torse,9.216433
aeons,taler,9.216242
tales,rinse,9.216096
solea,nerts,9.216089
lanes,sotie,9.215998
teals,saron,9.215748
taros,slier,9.215615
airts,soler,9.215613
airts,sulea,9.215114
ranis,stoae,9.215089
lares,stain,9.214813
lears,satin,9.214600
seral,toise,9.214591
lanes,reist,9.214591
sorel,trias,9.214567
tries,soral,9.214567
taros,aisle,9.214550
tears,sinal,9.214415
tarie,ornes,9.214373
salet,drias,9.214351
tarie,deals,9.214330
toras,saned,9.214245
lears,sotie,9.214052
taise,soler,9.213956
sinae,carls,9.213871
lanes,ceria,9.213661
rates,toile,9.213611
trias,salue,9.212388
saner,iotas,9.212231
tores,slait,9.211637
solea,carts,9.211523
saner,toise,9.211240
naris,stoae,9.211176
ceras,tinea,9.211095
solea,trans,9.210869
lares,ariot,9.210675
saite,rosal,9.209743
salet,rinse,9.209691
ranis,soter,9.209627
rasen,tolas,9.209619
strae,lenis,9.209579
treas,linea,9.209467
teras,slone,9.209412
teras,suine,9.209381
saner,alite,9.209300
saite,orles,9.208677
slare,tains,9.208037
tores,slane,9.207674
toras,slane,9.207290
tares,arion,9.206923
nates,solar,9.206875
sarin,least,9.206738
leans,artie,9.205929
ceras,laine,9.205598
tails,serio,9.205542
sinae,loris,9.205453
tarse,slain,9.204831
lanes,surat,9.204723
toras,slier,9.204675
salet,moras,9.204660
airns,sotie,9.204415
rates,sloan,9.204208
ceras,satin,9.204182
naris,soter,9.203983
talis,serau,9.203940
saite,ornes,9.203872
tares,anole,9.203705
strae,nails,9.203555
tores,reina,9.203441
serta,alois,9.203331
snare,tails,9.203104
senal,rites,9.202752
saner,trios,9.202357
teras,snail,9.202278
serai,notes,9.202043
rails,soter,9.201318
dales,serin,9.201248
salet,peris,9.200944
tarie,claes,9.200815
lares,stoai,9.200752
taros,sulea,9.200562
taels,seron,9.199833
teals,sonar,9.199443
cares,slait,9.199350
aries,santo,9.199196
siren,ratos,9.198530
rites,saron,9.198530
tarns,sulea,9.198172
toras,siena,9.198040
tares,since,9.197991
aures,saint,9.197905
leans,arite,9.197428
saite,rules,9.197310
rales,suite,9.197310
tales,morae,9.197223
solea,carte,9.197162
trias,saned,9.196647
serta,ualis,9.196598
taros,ariel,9.196573
strae,lines,9.196573
airts,salue,9.196559
ranis,soler,9.196467
tries,solar,9.195950
trias,soler,9.195950
seora,aliet,9.195777
tarie,deans,9.195666
serta,laius,9.195528
rates,norie,9.195389
pares,senit,9.195379
arles,senti,9.195251
nares,slote,9.195248
tries,sonar,9.195185
saite,cores,9.195166
cares,sinal,9.195087
serai,oaten,9.194941
raise,telos,9.194878
solea,rents,9.194637
rails,stoae,9.194532
lairs,soter,9.194519
tares,sicle,9.194465
solea,teian,9.193846
tarie,elans,9.193784
taros,slane,9.193587
tares,eosin,9.193235
rains,soter,9.193190
salet,morae,9.192371
sinae,larus,9.192323
lores,arite,9.192252
siren,rotas,9.192235
earns,aliet,9.191564
saite,moras,9.191552
cares,sotie,9.191225
rates,aline,9.190814
teras,noise,9.190784
tales,craie,9.190658
tares,lenis,9.190450
saner,riots,9.190449
tarse,alois,9.190370
slate,rains,9.190321
naris,soler,9.190286
nares,suite,9.190102
rates,snail,9.189928
tails,serau,9.189896
sorel,rains,9.189866
serio,tains,9.189818
sinae,oater,9.189693
tarse,lenos,9.189485
tarie,meals,9.189220
teals,marie,9.189220
seora,lites,9.189151
tales,snore,9.188774
seora,nails,9.188585
lores,artie,9.188556
nares,stile,9.188472
tries,salue,9.188196
tarie,toles,9.188158
cares,slite,9.188104
salet,serin,9.188058
tores,salue,9.188049
serai,tules,9.187780
aloes,retia,9.187720
riles,saron,9.187643
sorel,neats,9.187592
snare,tiles,9.187532
saite,lenos,9.187489
rales,seton,9.187204
lairs,stoae,9.186841
serta,loans,9.186645
tares,sidle,9.186606
raise,solan,9.186329
lares,suina,9.186000
tears,solan,9.185954
rales,norie,9.185857
tries,slane,9.185789
solea,reins,9.185766
aloes,serin,9.185452
serai,talus,9.184922
aures,slait,9.184826
naris,sulea,9.184613
lores,siena,9.184278
saite,runes,9.184263
trias,sulea,9.184177
earns,slite,9.183988
cares,sloat,9.183725
dares,slait,9.183670
tarie,tones,9.183559
solea,maris,9.183115
tales,norse,9.183057
lores,sitar,9.182588
liras,soter,9.182588
salet,ceros,9.182509
aures,satin,9.182092
tears,sline,9.182078
aeons,sitar,9.181842
sinae,telos,9.181763
dares,sinal,9.181603
tores,saice,9.181516
arles,snite,9.181152
dares,sotie,9.180372
rates,anile,9.179976
taise,senor,9.179811
arise,tolas,9.179674
cares,solan,9.179289
aloes,sitar,9.179122
lanes,stire,9.178946
seral,notes,9.178577
rales,stine,9.178431
aloes,sanit,9.178355
aries,salon,9.178225
treas,solen,9.178157
slare,tones,9.177968
saner,roils,9.177893
sarin,tolas,9.177143
talis,arose,9.176952
tares,diane,9.176678
saite,loser,9.176517
dares,slite,9.176299
tores,sadie,9.176135
nears,sotie,9.176034
saite,rosel,9.176015
ranis,sulea,9.175817
serin,toles,9.175772
salet,craie,9.175608
trias,slane,9.174513
salet,norse,9.174377
lares,noire,9.174226
aesir,tones,9.173739
tarie,lenis,9.173439
aesir,toles,9.173223
rains,stoae,9.172934
leans,sitar,9.172276
raise,sloat,9.172119
tares,slice,9.172039
arles,santo,9.171819
rains,soler,9.171302
tales,sorda,9.171098
dares,solan,9.170363
lanes,irate,9.170095
saner,alois,9.169959
tales,deair,9.169557
lanes,serut,9.169494
lanes,arist,9.169015
toras,sulea,9.168977
tarie,means,9.168628
oreas,sanit,9.168602
saite,loans,9.168472
lanes,sitao,9.168309
tears,salon,9.167997
riles,saute,9.167767
rites,slane,9.167673
aries,seton,9.167541
lares,suine,9.167452
saute,airns,9.167425
tares,toile,9.167008
serin,males,9.167001
senal,rotes,9.166586
lores,senit,9.166262
tares,silen,9.165879
tales,siren,9.165879
saite,ceros,9.165823
aries,slote,9.165682
sinae,roset,9.165293
airns,soler,9.165044
tarse,loans,9.164974
tarse,alien,9.164838
tarie,leads,9.164647
cares,sitao,9.163875
tires,alose,9.163530
taise,solen,9.163484
rasen,sotie,9.163260
antes,serio,9.163114
tores,sarin,9.163104
sorel,arite,9.162887
liras,saned,9.162757
raise,solen,9.162660
taise,roans,9.162432
tarie,soral,9.162227
lanes,stair,9.161745
lanes,toras,9.161419
seora,lines,9.160763
cares,snite,9.160394
sinae,leora,9.160069
solea,marie,9.160056
tarie,telos,9.159930
mares,slait,9.159757
rates,slone,9.159746
lares,staio,9.159560
tares,linea,9.158782
lares,tinea,9.158782
ranis,stale,9.158521
siena,rotes,9.158012
airns,sulea,9.157995
sinae,roast,9.157924
sanit,arose,9.157857
seora,litas,9.157682
aries,sloan,9.157670
laser,sotie,9.157632
ceras,sotie,9.157580
ceras,silen,9.157455
arles,toise,9.157324
arise,toles,9.157324
tales,sarin,9.156705
tares,aliso,9.156445
solea,irate,9.156323
tares,solay,9.156250
tarie,lores,9.155728
tarie,peals,9.155453
tores,anise,9.155407
saite,mores,9.154549
reals,toise,9.154285
sorel,artie,9.154258
naris,stale,9.153929
taros,tinea,9.153773
lares,stone,9.153661
sinae,trues,9.153497
aures,slite,9.153280
slate,reins,9.153174
cares,alite,9.152939
senal,ratos,9.152726
lears,toise,9.152398
rales,noire,9.152205
salet,deair,9.151907
lanes,trias,9.151862
lares,noise,9.151686
sinae,orles,9.151416
dales,sitar,9.151221
rains,sulea,9.151086
saite,noels,9.150624
rates,suine,9.150614
sacre,tiles,9.150288
salet,arius,9.150287
siena,ratos,9.150107
tares,slide,9.149840
lanes,tarie,9.149798
aures,sinal,9.149631
saite,soral,9.149630
tares,seoul,9.148761
salet,ireos,9.148550
sarin,orles,9.148437
mares,sotie,9.148413
aotes,laine,9.148285
arise,tones,9.148209
snare,toles,9.147899
lanes,toise,9.147648
roles,siena,9.147264
solea,carne,9.146817
tarie,alces,9.146733
mares,slite,9.146403
lares,sanit,9.145929
solea,paris,9.145415
tares,socle,9.145084
neats,soler,9.144688
leans,soter,9.144489
airts,saned,9.143980
sinae,lures,9.143955
sinae,cores,9.143704
salue,airns,9.143173
arles,norie,9.143130
siena,toles,9.142604
riles,stoae,9.141991
seral,sanit,9.141787
arose,tiles,9.141741
tares,noria,9.141236
salue,rites,9.141037
salet,horas,9.140782
tores,teian,9.140272
lores,saute,9.140129
teras,soled,9.139869
solea,tisar,9.139861
dares,alite,9.139345
arles,caite,9.139116
serai,loans,9.138358
tares,cosie,9.138246
salet,orans,9.138001
talis,serin,9.137353
lanes,roast,9.137147
saite,noser,9.136662
sacre,tines,9.136387
tales,airns,9.136318
aloes,senit,9.136154
aloes,saint,9.135830
tores,telia,9.135569
arles,suite,9.135136
teras,toile,9.135037
tails,arose,9.134958
aries,sault,9.134606
tares,sonde,9.134500
saite,orals,9.134154
raise,notes,9.134102
rates,noise,9.134102
lores,saice,9.133183
teras,lines,9.132320
aures,liane,9.132169
leans,sotie,9.131936
teras,larin,9.131934
aures,laine,9.131404
sarin,claes,9.131172
salet,meros,9.131088
cares,sline,9.130643
rales,suine,9.130607
serio,cates,9.130567
tores,tenia,9.130441
sinae,maros,9.130371
dales,serio,9.130089
saute,rials,9.129604
aloes,tarsi,9.129230
taise,orles,9.128950
lores,sadie,9.128535
lares,toran,9.128398
tares,loran,9.128398
saite,solar,9.128205
tarie,sorel,9.127706
canes,serio,9.126565
tarie,almes,9.126554
serio,taces,9.126316
aisle,saron,9.126032
aloes,satin,9.125158
cares,liane,9.124876
nares,tolas,9.124537
saite,meros,9.123298
saite,sonar,9.123243
taise,ornes,9.122896
saite,sorel,9.122331
teras,nails,9.122329
solea,mairs,9.121681
rotes,aisle,9.121487
danes,serio,9.121282
rales,noise,9.120645
tires,saple,9.120209
tares,solen,9.119820
cares,slote,9.118209
sinae,toras,9.118052
taise,cores,9.117942
cares,toise,9.117942
solea,sarin,9.117654
tares,somne,9.117473
saite,horas,9.117292
solea,tires,9.117213
salue,tines,9.117121
tares,laine,9.117057
saite,pores,9.117011
tales,noise,9.116518
tales,reins,9.116163
lanes,orate,9.116153
rotes,slane,9.115372
aries,saunt,9.115070
taros,siren,9.114996
tires,saron,9.114996
lanes,store,9.114181
aotes,liras,9.113169
dares,liane,9.113167
lares,diane,9.113167
pares,sotie,9.112805
salet,serio,9.112001
salet,naris,9.111833
lanes,craie,9.111152
saite,orans,9.111066
ceras,solen,9.111046
aries,tolas,9.110574
rales,tinea,9.110399
tares,norie,9.110295
lanes,rotse,9.110147
lares,saint,9.110019
seral,saint,9.110005
solea,raids,9.109745
saite,boras,9.109216
sinae,ceros,9.109084
talis,soler,9.108892
roles,saute,9.108813
sacre,toles,9.108070
dares,toise,9.107229
toras,siren,9.107176
tares,liens,9.106968
lares,tiens,9.106968
tarie,seron,9.105395
salet,ranis,9.104570
rales,sanit,9.104570
serai,coles,9.104510
raise,lenos,9.104423
aotes,marie,9.103990
dares,slote,9.103248
sinae,mores,9.101398
roles,saice,9.100870
sacre,tones,9.100538
saite,seron,9.100157
lores,talis,9.099521
tales,loris,9.099521
serai,cones,9.099489
lanes,airts,9.099194
tares,alien,9.098407
saner,talis,9.096653
tores,ranis,9.096440
serai,doles,9.096349
rotes,saice,9.096286
aries,slone,9.096184
sinae,orals,9.096004
tares,alois,9.095966
sinae,rules,9.095867
seral,tarin,9.095577
nares,litas,9.095453
nates,liras,9.095453
serio,males,9.094922
salue,rotes,9.094037
raise,loans,9.093915
sadie,roles,9.093692
tores,lairs,9.093351
tires,leans,9.093125
lares,satin,9.092887
tires,soral,9.092624
serta,silen,9.091654
tares,lenos,9.090879
aeons,slier,9.090581
races,sotie,9.089932
solea,auris,9.089099
saite,coles,9.088435
saner,tiles,9.088418
sarin,lores,9.087401
naris,sotie,9.087375
salue,tones,9.086738
sadie,rotes,9.086077
solea,sanit,9.084815
sorel,tarns,9.084779
salet,sonar,9.084447
aries,stole,9.083903
lores,tails,9.083465
lares,toils,9.083465
saite,soler,9.083273
ranis,sotie,9.082982
salet,seron,9.082527
naris,tiles,9.081124
teals,airns,9.081091
saite,doles,9.080193
riles,tarns,9.080033
lores,laine,9.079356
tires,aeons,9.078630
tares,loans,9.078421
hares,sotie,9.078044
saite,roils,9.077765
tores,rails,9.076753
tares,roils,9.076753
taise,mores,9.075619
tares,linet,9.075410
tales,orias,9.074915
rates,lenis,9.074791
lares,trois,9.074300
lares,iotas,9.074083
saite,bores,9.073867
saice,toles,9.073846
tares,niels,9.073736
earns,tiles,9.073700
salet,tarin,9.073486
teras,norie,9.073324
tarie,slane,9.072916
tares,anils,9.072731
saner,tails,9.072006
tarie,alois,9.071476
sarin,slate,9.070646
sarin,setal,9.069047
seral,satin,9.069047
salet,rains,9.068912
rales,saint,9.068912
earls,tines,9.068694
seora,sanit,9.068447
arles,tinea,9.067838
dales,sotie,9.067817
teals,naris,9.067345
arles,tains,9.067064
taros,serin,9.066598
bares,sotie,9.066291
naris,tones,9.066015
tores,rains,9.065768
serta,linea,9.065564
ranis,tiles,9.065260
sadie,toles,9.065114
rales,tiens,9.064795
talis,serio,9.064713
sinae,pores,9.064491
sinae,tiros,9.064468
teals,ranis,9.064441
lares,noria,9.063858
tries,laine,9.063761
saite,cones,9.063346
tarse,loris,9.063319
saner,sotie,9.062634
seral,sotie,9.062086
rales,tarin,9.061926
toras,riles,9.060942
ceras,talis,9.060905
tares,salon,9.060573
tales,saron,9.060573
aloes,marie,9.060437
airts,sorel,9.060276
lores,terai,9.060233
rales,tiros,9.060111
taros,riles,9.060111
saite,roads,9.060042
aures,sotie,9.059548
tares,ceils,9.058683
aotes,siren,9.058633
nares,lotas,9.058508
aotes,naris,9.058367
saite,roues,9.058354
sarin,torse,9.057760
saner,toles,9.057647
toras,serin,9.057484
solea,saint,9.057259
lanes,tiers,9.056830
canes,sotie,9.056428
saite,solan,9.056310
tares,delis,9.056064
rates,silen,9.055510
teras,canis,9.055274
lares,tairn,9.055014
tires,aeron,9.055010
aures,salon,9.054660
saite,gores,9.054451
aries,lotas,9.054251
teras,loren,9.054099
aotes,ranis,9.053496
rails,toles,9.052617
roles,tails,9.052617
tales,roils,9.052617
rales,toils,9.052617
slare,sanit,9.052552
nares,telos,9.052065
solea,terna,9.051939
teras,sinal,9.051924
lanes,tarin,9.051815
liras,toles,9.051802
tares,denis,9.051527
reals,tines,9.051096
lanes,rotas,9.051065
tares,colas,9.050577
cares,tolas,9.050577
rales,satin,9.050345
danes,sotie,9.050020
sinae,telar,9.048965
ceras,tails,9.048815
tores,leans,9.048730
saner,slait,9.048629
tears,lines,9.048273
lears,tines,9.048273
toras,canes,9.047957
teras,alois,9.047855
solea,tries,9.047782
lares,trios,9.047471
rates,loris,9.047406
siren,slate,9.047384
nares,aliet,9.047092
toras,solen,9.047067
saite,moles,9.046761
cares,tinea,9.046465
sadie,tones,9.045479
teras,dalis,9.045208
seora,saint,9.045068
aotes,rails,9.045039
taels,airns,9.044785
rales,trois,9.044617
taels,sarin,9.044134
aotes,rials,9.043794
tarie,lures,9.043733
saite,senor,9.043274
tares,liner,9.043134
airts,leans,9.042839
aures,talis,9.042636
tales,auris,9.042636
teals,rains,9.042379
reals,tains,9.042379
lores,trias,9.042339
sinae,carte,9.042250
rates,linea,9.042052
siren,taler,9.041918
tarns,serio,9.041916
saner,slite,9.041758
aotes,lairs,9.041639
naris,sorel,9.041483
siren,setal,9.041045
tales,roans,9.040203
aloes,trias,9.039841
tares,deils,9.039588
solea,serin,9.039156
lares,antis,9.038257
lares,norie,9.037977
serta,solen,9.037222
airts,toles,9.037006
teras,anils,9.036981
trias,canes,9.036966
teras,laius,9.036676
lears,tains,9.036277
saite,norie,9.035220
roles,tarns,9.034886
rales,iotas,9.034377
lairs,toles,9.034110
salet,cires,9.034076
lares,riots,9.034069
aotes,rains,9.034034
sinae,sorel,9.033876
tares,donas,9.033348
toras,danes,9.033348
talis,rotes,9.033176
earls,tones,9.032396
earns,toles,9.032338
aotes,liars,9.031786
toras,dales,9.031782
dares,tolas,9.031782
sarin,taler,9.031388
saite,solen,9.031348
cares,litas,9.029438
liras,cates,9.029438
tares,noels,9.029299
rains,tones,9.028356
slate,serin,9.028270
tarie,canes,9.028150
saite,larin,9.027907
tares,minas,9.027827
ceras,tains,9.027649
teras,cains,9.027649
aries,toile,9.027448
sinae,torse,9.027326
nares,trois,9.027273
tares,melis,9.027244
nears,talis,9.027156
nares,iotas,9.027129
serai,tolas,9.026613
tires,nails,9.026469
airns,tones,9.026015
taros,lites,9.025930
tears,nails,9.025930
nears,tails,9.025930
liras,antes,9.025849
ceras,tiles,9.025630
tarie,roues,9.025464
teals,serin,9.025212
teras,ualis,9.024944
taels,reins,9.024674
cares,sanit,9.024639
aries,telos,9.024492
tores,litas,9.024486
toras,lites,9.024486
tires,lotas,9.024486
dares,tinea,9.023777
tores,liars,9.023742
serta,sline,9.021615
lores,ranis,9.021563
saner,lites,9.021283
aures,tails,9.020799
saite,sural,9.020460
liras,taces,9.020104
aloes,tarns,9.020021
serta,loris,9.019967
airts,tones,9.019552
airts,roles,9.018457
saute,serin,9.018317
rales,trios,9.018315
teras,liens,9.018230
teras,solan,9.017959
ceras,tines,9.017593
teras,cines,9.017593
sarin,stoae,9.017357
tores,rials,9.017093
saner,sloat,9.017092
tales,drias,9.016974
trias,dales,9.016974
tales,riots,9.016747
solea,satin,9.016670
nears,tiles,9.016149
trias,danes,9.016086
aries,laten,9.015960
rales,tairn,9.015838
rotes,tails,9.015769
rates,toils,9.015769
tries,leans,9.015556
seral,tenia,9.014783
lairs,tines,9.014470
trias,roles,9.014108
rails,tines,9.014047
tares,ornis,9.013961
tarie,nails,9.013955
reals,tones,9.013790
rains,tiles,9.013606
riles,tains,9.013606
salet,senor,9.013415
lears,tones,9.013165
rates,solen,9.013149
sorel,terai,9.012864
rates,laine,9.012828
sorel,airns,9.012772
serta,sinal,9.012640
tarie,dales,9.012172
tores,elias,9.011775
ranis,taler,9.011651
seral,tiros,9.011367
serta,salon,9.010698
teras,loans,9.010516
toras,leans,9.010516
treas,lines,9.010230
naris,taler,9.010084
slare,senit,9.009737
tears,liane,9.009354
tarie,slote,9.009297
seora,satin,9.009243
seral,snite,9.009190
sarin,soter,9.009168
seora,tinea,9.008724
solea,rites,9.008707
dares,litas,9.008383
lares,ditas,9.008383
liras,dates,9.008383
tarie,cores,9.008358
saner,aliet,9.008249
tires,alois,9.008222
lares,toner,9.008048
tares,loner,9.008048
tarie,danes,9.007028
lairs,rotes,9.006786
tares,lunas,9.006653
lares,tunas,9.006653
dares,sanit,9.006558
salet,tairn,9.006536
earns,lites,9.006486
saite,yores,9.005606
aures,tains,9.005568
rates,alois,9.005374
rotes,tains,9.005305
arles,tiros,9.005062
tores,arils,9.004998
strae,laine,9.004826
solea,retia,9.004436
tires,roans,9.004265
sinae,rotas,9.004099
toras,senal,9.003737
siren,saute,9.002839
nares,trios,9.002584
tores,alois,9.002503
aures,tolas,9.002251
naris,rotes,9.002071
rates,liens,9.001922
tales,peris,9.001914
aures,tinea,9.001222
serta,lenis,9.000705
solea,caret,9.000510
teras,manis,9.000485
solea,senit,8.999609
teras,mails,8.999333
toras,males,8.999328
tales,moras,8.999328
tares,molas,8.999328
mares,tolas,8.999328
nates,sorel,8.999109
liras,rotes,8.999082
liras,canes,8.999080
sarin,soler,8.998953
sinae,tarde,8.998945
sinae,tolas,8.998637
aotes,reins,8.998115
tares,pinas,8.997930
lores,rants,8.997786
taels,cires,8.997764
aeons,liras,8.997679
teras,laics,8.997598
rates,larin,8.997178
rates,alien,8.996408
teras,dines,8.996168
lares,santo,8.995903
tares,ainus,8.995892
lanes,orias,8.995672
aures,toise,8.995610
tares,dials,8.995332
saner,sitao,8.995156
tares,penis,8.995071
solea,tenia,8.994918
tores,aliet,8.994799
toras,manes,8.994641
tares,monas,8.994641
liras,neats,8.994570
rales,antis,8.994510
tares,limas,8.994505
liras,tames,8.994505
serta,slain,8.994476
rasen,tiles,8.993284
tales,risen,8.993284
aeons,trias,8.993044
mares,tinea,8.993000
aries,tunas,8.992943
sinae,carle,8.992879
reals,tenia,8.992800
nates,rials,8.992688
sarin,sulea,8.992664
rails,neats,8.992114
aures,litas,8.991944
tries,aeons,8.991619
cares,lotas,8.991596
sinae,serut,8.991515
slare,saint,8.991355
sinae,soter,8.991297
tears,loris,8.991005
tores,talis,8.990931
lores,rains,8.990695
cares,lenis,8.990528
salet,cores,8.990454
teras,roils,8.990327
tires,sulea,8.990279
naris,roles,8.990032
trias,males,8.990026
earns,tolas,8.989715
teras,niels,8.989616
tales,sired,8.989566
senal,trias,8.989381
serai,solen,8.989126
lears,teian,8.989075
reals,teian,8.989048
lears,tenia,8.988536
lanes,soter,8.988319
slare,satin,8.988314
tarie,santo,8.988251
teras,lacis,8.987701
taros,leans,8.987610
teals,cires,8.987589
lairs,neats,8.987539
aloes,terns,8.987511
solea,tines,8.987264
riles,neats,8.987250
treas,lenis,8.987122
rasen,talis,8.987122
nates,arils,8.986949
lores,neats,8.986892
tarse,sline,8.986859
cares,saint,8.986721
leans,trias,8.986672
taise,roues,8.986631
taise,saron,8.986412
salet,maris,8.986288
treas,nails,8.986226
tarie,snore,8.986028
cares,tiens,8.985961
salue,serin,8.985552
strae,silen,8.985506
earls,sanit,8.985439
nares,riots,8.985434
tarie,males,8.985280
tares,malie,8.985280
tales,marie,8.985280
salet,mires,8.985209
toras,laces,8.985176
arles,tiens,8.985111
liras,danes,8.985029
saite,norse,8.984960
trias,manes,8.984959
teals,auris,8.984926
siren,cates,8.984653
salet,risen,8.984438
salet,marie,8.984391
aloes,naris,8.984049
nares,alois,8.984049
aloes,ranis,8.983898
tires,saned,8.983423
rains,taler,8.983368
sinae,soler,8.983343
tares,lieus,8.983228
leans,rites,8.982892
teras,coles,8.982118
ceras,toles,8.982118
arles,iotas,8.981891
lares,caite,8.981466
teras,palis,8.981376
nates,orias,8.981169
seral,santo,8.980998
ceras,tones,8.980844
teras,cones,8.980844
tores,ariel,8.980676
solea,sitar,8.980280
tales,ceros,8.980076
cares,telos,8.980076
mares,litas,8.980067
sinae,roues,8.979946
tires,melas,8.979911
teras,miles,8.979911
mares,sanit,8.979904
serai,santo,8.979329
aeons,terai,8.979306
rates,loans,8.979250
nates,liars,8.979077
tares,pilea,8.978884
dares,lenis,8.978684
lares,denis,8.978684
tares,oiler,8.978648
tarie,manes,8.978393
tares,manie,8.978393
sarin,stale,8.977054
trias,laces,8.976951
teras,mains,8.976545
saite,morae,8.976304
siren,taces,8.976291
airts,canes,8.976116
reals,senit,8.976006
dares,lotas,8.975815
cares,satin,8.975807
sarin,cates,8.975807
aloes,artie,8.975756
toras,lades,8.975464
nears,toles,8.975458
rails,antes,8.975438
rates,anils,8.975438
salet,ornes,8.975237
serta,solan,8.975064
serai,slote,8.974970
aries,solen,8.974928
rotes,airns,8.974627
rales,toner,8.974569
airts,dales,8.974182
toras,pales,8.974005
pares,tolas,8.974005
taros,elias,8.973770
serai,telos,8.973314
salet,snore,8.972935
cares,silen,8.972743
rasen,tails,8.972679
rates,niels,8.972175
nates,riels,8.972175
aloes,siren,8.971242
tarie,saned,8.970972
teras,pails,8.970955
dares,saint,8.970557
siren,dates,8.970526
toras,reins,8.970420
aeons,rites,8.970398
teras,mines,8.970172
toras,panes,8.969782
tears,alois,8.969591
saite,carls,8.969543
rates,lenos,8.969016
slate,saron,8.968858
lanes,tarsi,8.968822
tares,coals,8.968494
lears,senit,8.968342
oreas,talis,8.968206
sarin,taces,8.968193
roles,airns,8.968163
trias,lades,8.967997
teras,ainus,8.967883
teals,serio,8.967661
saite,daren,8.967538
tores,tails,8.967243
tares,toils,8.967243
taros,reins,8.967122
tares,peins,8.967015
nates,slier,8.966888
salet,cries,8.966582
tarie,laces,8.966542
serai,lotas,8.966450
slate,serio,8.966393
aloes,arite,8.966319
saite,sloan,8.966277
tires,deals,8.966115
saite,larus,8.965685
laser,tines,8.965331
aeons,artie,8.965206
dares,tiens,8.965045
tarns,elias,8.964953
aries,loans,8.964885
teals,reina,8.964660
pares,tinea,8.964299
lairs,antes,8.964051
siren,salue,8.964010
tares,maile,8.963048
saner,slote,8.963031
tarie,mores,8.962988
tores,marie,8.962988
leans,terai,8.962909
nares,roils,8.962842
cares,linea,8.962812
rales,tunas,8.962355
earns,litas,8.962199
tarse,liane,8.962068
saner,suite,8.961923
sarin,cores,8.961803
siren,dales,8.961266
dares,silen,8.961266
tores,lenis,8.961245
setal,saron,8.961195
nates,liers,8.961073
nates,ariel,8.960460
aotes,riels,8.960423
trias,pales,8.960378
tarse,nails,8.960259
dares,satin,8.960252
sarin,dates,8.960252
ceras,lites,8.960177
airts,danes,8.960048
rates,ceils,8.959913
laser,sanit,8.959865
lanes,auris,8.959812
tarns,tiles,8.959525
toras,aides,8.959448
cares,aliet,8.959422
aloes,rants,8.959400
lares,donas,8.959215
teras,doles,8.959107
tares,sicel,8.958739
tares,loris,8.958491
tarie,pales,8.958180
aeons,talis,8.957909
toras,lames,8.957900
lares,ratio,8.957481
tores,tains,8.957172
teras,canos,8.957166
dares,telos,8.957016
serai,tenla,8.956797
aeons,arite,8.956607
siren,stoae,8.956605
sorel,siena,8.956288
tears,liens,8.956220
serai,salon,8.956179
aeons,tiles,8.956093
aries,talus,8.955538
tales,arius,8.955538
rasen,toles,8.954883
tarie,lades,8.954874
solea,reina,8.954551
aeons,riles,8.954379
tales,aired,8.954355
tares,ailed,8.954355
tires,samen,8.954271
siren,tames,8.954271
tares,oriel,8.953553
tears,slain,8.953423
tales,ireos,8.953372
aries,toner,8.953276
aeons,rails,8.953161
taels,cores,8.953067
siren,stale,8.952841
nates,soler,8.952789
tales,aurei,8.952772
aotes,liers,8.952744
tires,deans,8.952383
seora,slite,8.951910
sarin,dales,8.951624
aeons,tails,8.951152
salet,paris,8.950949
saite,carns,8.950708
rates,delis,8.950426
rates,colas,8.950353
rales,santo,8.950305
aeons,lairs,8.950245
nears,lites,8.950003
tarie,panes,8.949898
nares,delis,8.949520
tores,saned,8.949418
airns,cates,8.949201
salue,sitar,8.948885
solea,tared,8.948821
tares,coirs,8.948810
teras,sloan,8.948772
dares,linea,8.948616
liras,manes,8.948029
lares,minas,8.948029
taels,mires,8.947903
tires,salem,8.947828
tears,canis,8.947772
saite,sorda,8.947675
earls,saint,8.947385
tares,soled,8.947238
airts,males,8.947091
aotes,lenis,8.946962
teras,lunes,8.946560
laser,tains,8.946531
aloes,rains,8.946380
salet,dries,8.946372
seora,teian,8.946146
rates,salon,8.946141
tares,maine,8.946138
tires,meals,8.946055
teals,mires,8.946055
tries,roans,8.946020
nares,laeti,8.945980
taels,auris,8.945895
seora,silen,8.945732
mares,lenis,8.945577
senal,sotie,8.945475
teals,maris,8.945342
aries,lenos,8.945316
solea,surat,8.944867
seora,slait,8.944713
tares,salic,8.944617
tarie,loris,8.944588
mares,saint,8.944517
pares,sanit,8.944516
salet,siren,8.944228
lanes,iotas,8.944011
aotes,slier,8.943846
teals,cores,8.943534
aures,lenis,8.943305
roles,neats,8.943169
nares,ceils,8.942906
sadie,tarns,8.942889
leans,rotes,8.942661
rales,caite,8.942537
tales,tarin,8.942308
aures,lotas,8.942249
sarin,tames,8.942240
tarse,salon,8.942098
dares,aliet,8.941957
aeons,rials,8.941813
lanes,drias,8.941584
tales,tiros,8.941580
taros,tiles,8.941580
tires,solen,8.941525
tores,silen,8.941525
siren,toles,8.941525
toras,tiles,8.941464
tires,tolas,8.941464
tarie,laius,8.941422
lares,coats,8.941227
tarie,lames,8.941174
salet,mores,8.941032
taels,saron,8.940852
airns,taces,8.940627
nears,tolas,8.940577
tares,heils,8.940476
rates,deils,8.940274
aotes,linea,8.940250
teras,dials,8.940128
oreas,tiles,8.939061
nates,auris,8.938739
salet,aired,8.938462
aloes,tains,8.938203
teras,ianus,8.937850
lares,ornis,8.937786
nares,caite,8.937616
laser,tones,8.937442
tales,orans,8.937235
cares,iotas,8.936687
saite,darns,8.936553
tales,horas,8.936448
toras,hales,8.936448
aloes,tiers,8.936418
tears,dalis,8.936211
talis,dears,8.936211
lanes,roset,8.936082
siren,mates,8.935882
aries,oaten,8.935878
aotes,silen,8.935687
liras,stoae,8.935686
ceras,lines,8.935615
teras,noels,8.935316
teras,moles,8.935089
tores,melas,8.935089
tails,dears,8.935062
oreas,tails,8.934904
taels,orias,8.934904
airns,dates,8.934499
nares,colas,8.934422
tires,samel,8.934346
tores,sulea,8.933986
nares,deils,8.933892
lanes,tires,8.933782
tares,lines,8.933782
lares,tines,8.933782
tarie,alose,8.933737
tarie,salem,8.933673
aeons,tiers,8.933654
aeons,liars,8.933031
naris,saute,8.932817
tries,sulea,8.932721
taels,roans,8.932664
ceras,nails,8.932606
talis,arces,8.932601
ranis,saute,8.932501
nares,altos,8.932266
salet,sarin,8.932204
laser,saint,8.932183
oreas,tines,8.931902
ceras,senit,8.931863
rates,noels,8.931802
airts,manes,8.931742
toras,tines,8.931340
aloes,tinea,8.931183
strae,solen,8.931115
tares,canoe,8.931053
dales,airns,8.930997
sinae,sarod,8.930870
earls,satin,8.930869
lares,matie,8.930779
tarie,pores,8.930750
salet,aurei,8.930727
tares,aulos,8.930643
teals,seron,8.930260
siren,solar,8.930022
lares,sited,8.929930
tarie,samen,8.929903
rales,denis,8.929785
taels,marie,8.929314
sinae,lotas,8.929050
earls,notes,8.928973
cares,solen,8.928690
seora,linea,8.928397
taros,tines,8.928301
mares,satin,8.928279
sarin,mates,8.928279
aries,loren,8.928010
tries,saned,8.927712
aotes,nails,8.927195
tarns,saice,8.926639
taels,ornes,8.926368
lares,doats,8.925848
earns,telos,8.925697
arles,canis,8.925445
tears,laius,8.925194
sorel,sitar,8.925091
rasen,lites,8.924819
tales,meros,8.924733
tares,melos,8.924733
mares,telos,8.924733
sorel,cates,8.924650
aures,telos,8.924445
solea,cires,8.923373
talis,acres,8.923134
aures,linea,8.922840
teals,orias,8.922808
siren,males,8.922449
mares,silen,8.922449
talis,carse,8.922438
cares,laine,8.922249
talis,sacre,8.921956
treas,alois,8.921915
salet,rices,8.921856
tores,deals,8.921846
airts,laces,8.921729
saite,marls,8.921597
tales,maire,8.921339
sorel,tines,8.921043
aures,silen,8.920515
salet,hires,8.920390
dares,solen,8.920009
tarie,samel,8.919546
mares,aliet,8.919252
sorel,antes,8.919096
tarie,hales,8.918923
tarns,toles,8.918860
saite,orale,8.918855
senal,soter,8.918354
taros,salue,8.918281
hares,sanit,8.918005
seral,iotas,8.917418
airts,lades,8.917357
lares,ainus,8.917344
solea,daren,8.917234
serai,slone,8.917072
sorel,taces,8.916962
solea,stire,8.916535
teras,cloes,8.916349
reals,notes,8.916087
sarin,males,8.915823
rails,saute,8.915311
airts,pales,8.915224
talis,roles,8.914778
lanes,moras,8.914749
tares,paine,8.914652
aries,colas,8.914623
tears,ualis,8.914596
taros,sadie,8.914556
salet,roues,8.914179
sorel,saute,8.914093
rotes,elias,8.913609
tares,alids,8.913261
salet,rides,8.912942
sinae,rotse,8.912792
sorel,canes,8.912753
tores,naris,8.912730
mares,linea,8.912679
saite,caner,8.912630
saner,caite,8.912630
salet,mairs,8.912544
salet,pores,8.912335
dares,laine,8.912258
tores,deans,8.912208
aotes,maris,8.912112
tales,trois,8.911952
teals,ornes,8.911487
naris,salue,8.911147
aeons,ariel,8.911133
lears,notes,8.910796
salet,maire,8.910721
tarse,canis,8.910237
taros,claes,8.910066
tales,sicer,8.909997
lanes,loris,8.909886
lanes,marie,8.909810
lares,manie,8.909810
salue,tarns,8.909698
raise,slote,8.909694
salue,artie,8.909157
lares,tarin,8.908990
tares,larin,8.908990
tares,moans,8.908788
races,sanit,8.908463
lares,tiros,8.908173
lares,aunts,8.908172
oreas,tains,8.907673
tores,samen,8.906961
saite,horae,8.906938
pares,saint,8.906784
ranis,tones,8.906778
taros,saice,8.906541
lares,tains,8.906292
tires,salep,8.906187
lanes,sired,8.906137
tores,liras,8.906130
salue,arite,8.905525
lairs,saute,8.905404
tales,sarip,8.905298
sorel,dates,8.905000
sarin,sotie,8.904809
siena,soler,8.904800
tarse,dalis,8.904699
aures,nails,8.904071
tarie,bales,8.904008
tales,barie,8.904008
tores,salem,8.903849
salet,runes,8.903838
ranis,salue,8.903765
leans,rotas,8.903606
serta,lenos,8.903129
salet,canis,8.903035
saite,rason,8.903003
sorel,saice,8.902908
nares,tiles,8.902788
salet,baris,8.902658
tares,saily,8.902366
tarie,banes,8.902067
sorel,danes,8.901967
serio,slane,8.901777
saite,lards,8.901544
aries,latus,8.901171
aries,donas,8.901148
saite,daler,8.900919
nares,talis,8.900806
tales,naris,8.900806
aries,taled,8.900661
tores,meals,8.900244
tares,loads,8.899784
cares,alois,8.899570
salet,barie,8.899419
lares,somet,8.899227
bares,sanit,8.899178
salet,cines,8.898820
taros,saned,8.898668
rates,dials,8.898648
cares,alien,8.898470
tales,sarod,8.897888
sorel,sadie,8.897807
lanes,tores,8.897643
lares,tones,8.897643
siren,lades,8.897606
aloes,reins,8.896807
lanes,ceros,8.896783
cares,lenos,8.896783
lares,saunt,8.896630
aries,alone,8.896469
siren,laces,8.896157
airns,males,8.895944
saite,paren,8.895927
tails,arces,8.895795
tares,talio,8.895353
salet,rimes,8.894901
saner,tules,8.894408
tores,tinea,8.894173
tarie,names,8.894171
rains,saute,8.894055
salet,raids,8.893969
lares,aotus,8.893806
aotes,larus,8.893806
salet,ramie,8.893701
tales,carne,8.893645
pares,satin,8.893205
sarin,pates,8.893205
neats,serio,8.892962
tarie,salep,8.892737
tales,ranis,8.892192
aries,coats,8.892085
tares,sapin,8.891954
tarse,ualis,8.891723
tales,ramie,8.891708
dares,alien,8.891631
sacre,tails,8.890611
serai,lenos,8.890548
tores,samel,8.890538
sorel,tames,8.890538
lares,sapit,8.890494
dales,sanit,8.890307
sarin,laces,8.890166
dares,alois,8.890160
seora,lenis,8.889988
sarin,solen,8.889775
taros,aides,8.889639
tarse,laius,8.889365
taise,larus,8.889365
salet,maros,8.889314
aloes,caret,8.889199
lores,sated,8.888589
nares,dials,8.888426
canes,rials,8.888277
salet,pries,8.887718
tails,carse,8.887019
siren,pales,8.886994
pares,silen,8.886994
tarie,gales,8.886699
senal,rotas,8.886636
tales,rason,8.886613
sarin,lades,8.886294
salet,carns,8.886117
saner,dalis,8.885809
salet,carne,8.885484
teras,toils,8.885111
tales,trios,8.885057
rates,ainus,8.885045
rates,malie,8.884920
rales,matie,8.884920
rales,tines,8.884209
taels,roues,8.884176
saite,parel,8.884171
ranis,rotes,8.883889
tares,baile,8.883821
cares,loans,8.883667
nares,tirls,8.883491
tares,nirls,8.883491
races,saint,8.883267
lanes,tries,8.882834
tales,samir,8.882584
solea,mires,8.882129
mares,laine,8.882012
lares,maine,8.882012
sadie,taler,8.881044
trias,toles,8.881027
tries,tolas,8.881027
saite,maros,8.880930
nates,marie,8.880533
nares,matie,8.880533
lores,tarns,8.880377
tales,tairn,8.880199
tores,airns,8.880029
aries,noels,8.880021
sarin,pales,8.879918
leans,serio,8.879522
rites,sulea,8.879446
aotes,paris,8.879326
raise,laten,8.878914
cates,saron,8.878722
saute,soler,8.878715
hares,saint,8.878305
trias,tones,8.878301
dares,loans,8.878198
tares,haine,8.878010
cares,santo,8.877979
mares,solen,8.877771
canes,soter,8.877628
lanes,arius,8.877520
rails,rotes,8.877224
rates,roils,8.877224
salet,pairs,8.877062
sinae,moras,8.876481
rales,riots,8.876259
talis,tones,8.876171
tares,nails,8.875443
nares,tails,8.875443
leans,ratos,8.874992
siren,lames,8.874074
teals,roues,8.873757
raise,salon,8.873735
tares,loren,8.873722
liras,tines,8.873702
nares,malie,8.873478
sacre,tains,8.873362
lores,saned,8.873226
lares,autos,8.872844
rates,manie,8.872679
aotes,sired,8.872230
lanes,aired,8.871917
saner,laius,8.871602
ranis,roles,8.870400
rales,ainus,8.869621
lanes,ireos,8.869577
salet,cones,8.869476
cares,salon,8.868621
tries,solen,8.868287
rates,maile,8.867305
aures,solen,8.867190
raise,santo,8.866607
aries,coals,8.865539
sarin,lames,8.865459
rains,rotes,8.865375
saner,coles,8.864652
canes,soler,8.864652
rales,manie,8.864400
lares,saith,8.864274
hares,satin,8.864241
saner,talus,8.864067
tarie,saron,8.863964
salet,cains,8.863867
talis,saron,8.863652
saice,soler,8.863609
dares,santo,8.863571
bares,saint,8.863320
salet,darns,8.863260
nares,sault,8.862910
